<?xml version="1.0" encoding="UTF-8"?>
<project-private xmlns="http://www.netbeans.org/ns/project-private/1">
    <editor-bookmarks xmlns="http://www.netbeans.org/ns/editor-bookmarks/2" lastBookmarkId="0"/>
    <open-files xmlns="http://www.netbeans.org/ns/projectui-open-files/2">
        <group>
            <file>file:/C:/Users/Gabriel%20Albuquerque/OneDrive%20-%20Etec%20Centro%20Paula%20Souza/Área%20de%20Trabalho/volufind_versaofinal/VolufindPIB/src/volufindDAOMySQL/PessoaFisicaDAOMySQL.java</file>
            <file>file:/C:/Users/Gabriel%20Albuquerque/OneDrive%20-%20Etec%20Centro%20Paula%20Souza/Área%20de%20Trabalho/volufind_versaofinal/VolufindPIB/src/volufindDAOMySQL/MainBanco.java</file>
            <file>file:/C:/Users/Gabriel%20Albuquerque/OneDrive%20-%20Etec%20Centro%20Paula%20Souza/Área%20de%20Trabalho/volufind_versaofinal/VolufindPIB/src/volufindDAOMySQL/PessoaFisica.java</file>
            <file>file:/C:/Users/Gabriel%20Albuquerque/OneDrive%20-%20Etec%20Centro%20Paula%20Souza/Área%20de%20Trabalho/volufind_versaofinal/VolufindPIB/src/volufindDAOMySQL/PessoaJuridicaDAOMySQL.java</file>
            <file>file:/C:/Users/Gabriel%20Albuquerque/OneDrive%20-%20Etec%20Centro%20Paula%20Souza/Área%20de%20Trabalho/volufind_versaofinal/VolufindPIB/src/volufindDAOMySQL/PessoaJuridica.java</file>
            <file>file:/C:/Users/Gabriel%20Albuquerque/OneDrive%20-%20Etec%20Centro%20Paula%20Souza/Área%20de%20Trabalho/volufind_versaofinal/VolufindPIB/src/volufindDAOMySQL/PessoaJuridicaDAO.java</file>
            <file>file:/C:/Users/Gabriel%20Albuquerque/OneDrive%20-%20Etec%20Centro%20Paula%20Souza/Área%20de%20Trabalho/volufind_versaofinal/VolufindPIB/src/volufindDAOMySQL/PessoaFisicaDAO.java</file>
            <file>file:/C:/Users/Gabriel%20Albuquerque/OneDrive%20-%20Etec%20Centro%20Paula%20Souza/Área%20de%20Trabalho/volufind_versaofinal/VolufindPIB/src/volufindDAOMySQL/Conexao.java</file>
            <file>file:/C:/Users/Gabriel%20Albuquerque/OneDrive%20-%20Etec%20Centro%20Paula%20Souza/Área%20de%20Trabalho/volufind_versaofinal/VolufindPIB/src/volufindDAOMySQL/UsuarioDAO.java</file>
            <file>file:/C:/Users/Gabriel%20Albuquerque/OneDrive%20-%20Etec%20Centro%20Paula%20Souza/Área%20de%20Trabalho/volufind_versaofinal/VolufindPIB/src/volufindDAOMySQL/Usuario.java</file>
            <file>file:/C:/Users/Gabriel%20Albuquerque/OneDrive%20-%20Etec%20Centro%20Paula%20Souza/Área%20de%20Trabalho/volufind_versaofinal/VolufindPIB/src/volufindDAOMySQL/UsuarioDAOMySQL.java</file>
        </group>
    </open-files>
</project-private>
